CompanyID,Keywords
1,Software Development Engineer|Machine Learning Engineer|Data Scientist|Applied Scientist|SDE|Research Scientist|Language Engineer
2,
3,
4,Software Engineer|Machine Learning|Data Scientist|Applied Scientist|Research Scientist
5,
6,
7,Software Engineer|Machine Learning Engineer|Data Scientist|Applied Scientist|Research Scientist|NLP
8,Software Engineer|Machine Learning Engineer|Data Scientist|Applied Scientist|Research Scientist|Backend Engineer|NLP
9,
10,
11,Software Engineer|Machine Learning|Data Scientist|Applied Scientist|Research Scientist|Backend Engineer|Deep Learning
12,Senior Software Engineer|Software Engineer|Machine Learning Engineer|Data Scientist|Applied Scientist|Research Scientist|Backend Engineer|NLP
13,Senior Software Engineer|Software Engineer|Machine Learning Engineer|Data Scientist|Applied Scientist|Research Scientist|Backend Engineer|NLP
14,
15,
16,Senior Software Engineer|Software Development Engineer|Machine Learning Engineer|Data Scientist|Applied Scientist|Research Scientist
17,
18,
19,
20,
21,
22,
23,Senior Software Engineer|Software Engineer|Machine Learning Engineer|Data Scientist|Applied Scientist|Research Scientist
24,
25,
26,
27,
28,Software Engineer|Machine Learning Engineer|Data Scientist|Applied Scientist|Research Scientist
29,
30,
31,
32,
33,
34,
35,
36,
37,
38,
39,
40,
41,
42,
43,
44,
45,
46,
47,
48,
49,
50,
51,
52,
53,
54,
55,
56,
57,
58,
59,
60,
61,
62,
63,
64,
65,
66,
67,
68,
69,Software Engineer|Machine Learning Engineer|Data Scientist|Applied Scientist|Research Scientist
70,Software Engineer|Machine Learning Engineer|Data Scientist|Applied Scientist|Research Scientist
71,Software Engineer|Machine Learning|Data Scientist|Applied Scientist|Research Scientist|Quantitative Researcher|Python Developer Tools Engineer
72,Sr Software Engineer|Software Engineer|Machine Learning Engineer|Data Scientist
73,Software Engineer|Machine Learning Engineer|Data Scientist|Applied Scientist|Research Scientist
74,Software Engineer|Machine Learning Engineer|Data Scientist|Applied Scientist|Research Scientist